"","names","math.grades","spanish.grades","grade.diff","better.at.math"
"1","John",15.3341188561171,94.8186337249354,-79.4845148688182,FALSE
"2","Tom",34.9039894994348,33.5034519433975,1.40053755603731,TRUE
"3","Bill",81.4910477260128,47.3592888563871,34.1317588696256,TRUE
"4","George",66.4089701371267,36.987539078109,29.4214310590178,TRUE
"5","Harry",23.2639241730794,78.1291417777538,-54.8652176046744,FALSE
